timestamp,tweet,username
Thu Oct 25 03:52:13 +0000 2018,RT @guptarajeev68: Representing ICRISAT/CRP-GLDC along with â¦@deshpande_spâ© and Dr Shanthi at 3rd International BNI Meeting in Japan.â¦@ICRIâ€¦,deshpande_sp
Thu Oct 25 03:51:53 +0000 2018,Special Halloween! ayo ikuti keseruan Event Halloween TAP &amp; WIN. Dapatkan BNI TapCash versi Mobile Legend nya. Yukâ€¦ https://t.co/Deg3s9ZyrG,DINOMARKET
Thu Oct 25 03:50:18 +0000 2018,"RT @ditjen_imigrasi: Sahabat Mido, dalam rangka Hari Dharma Karyadhika, Kementerian Hukum dan Hak Asasi Manusia Republik Indonesia bersamaâ€¦",nurkardiawan
Thu Oct 25 03:50:05 +0000 2018,LA Lelang acc selfol via xl/ bni @laperneh https://t.co/E1eXeDNcem,lelangacc_erpe
Thu Oct 25 03:50:02 +0000 2018,RT @bni_masters: What are you doing Friday morning at 6.45am? Why not come &amp; join us at our business networking group in Stalybridge. Overâ€¦,WatermarkBath
Thu Oct 25 03:49:02 +0000 2018,Representing ICRISAT/CRP-GLDC along with â¦@deshpande_spâ© and Dr Shanthi at 3rd International BNI Meeting in Japan.â¦â€¦ https://t.co/kNsT4momkk,guptarajeev68
Thu Oct 25 03:48:57 +0000 2018,RT @AgraBraj: @Manekagandhibjp @MinistryWCD @Manekagandhibjp @MinistryWCD madam ek bat batao kya mahilao ke vote se hi aap MP bni thi...Kahâ€¦,VAISHALI_S_17
Thu Oct 25 03:47:31 +0000 2018,"RT @BNI: Jika kita menikmati hasil dari apa yang kita usahakan sendiri, maka akan terasa lebih nikmat dan bahagia, meskipun hasilnya tidakâ€¦",AlizmaErika
Thu Oct 25 03:46:28 +0000 2018,"RT @BNI: Jika kita menikmati hasil dari apa yang kita usahakan sendiri, maka akan terasa lebih nikmat dan bahagia, meskipun hasilnya tidakâ€¦",FarhanZahirsyah
Thu Oct 25 03:46:23 +0000 2018,"RT @BNI: Jika kita menikmati hasil dari apa yang kita usahakan sendiri, maka akan terasa lebih nikmat dan bahagia, meskipun hasilnya tidakâ€¦",AirenDhevia
Thu Oct 25 03:46:23 +0000 2018,"RT @BNI: Jika kita menikmati hasil dari apa yang kita usahakan sendiri, maka akan terasa lebih nikmat dan bahagia, meskipun hasilnya tidakâ€¦",Windy_Crist
Thu Oct 25 03:45:33 +0000 2018,@BNI Muantap,JokoSusyanto1
Thu Oct 25 03:45:32 +0000 2018,BNI MENTAL HEALTH BREAK https://t.co/lbxAx2Sn4b,Spiritual_Rise
Thu Oct 25 03:45:00 +0000 2018,"@iamSRChauhan Tumhari to koi gf nhi bni... Itne shayri, jokes daalne k baad b... 
Single kahi k ğŸ¤£ğŸ¤£ğŸ¤£ğŸ¤­ğŸ¤­jalte ho logo ki trakki se ğŸ˜ğŸ˜ğŸ¤£ğŸ¤£ğŸ¤£ğŸ¤­ğŸ¤­",masoom_006
Thu Oct 25 03:44:36 +0000 2018,"RT @BNI: Jika kita menikmati hasil dari apa yang kita usahakan sendiri, maka akan terasa lebih nikmat dan bahagia, meskipun hasilnya tidakâ€¦",bzulfi37
Thu Oct 25 03:42:25 +0000 2018,BNI Baltia sveÄio atsiliepimas - Darius Rutkys (TM centras) 2018-10-18: https://t.co/u0QxhSKEWB via @YouTube,Ciuziniai
Thu Oct 25 03:42:12 +0000 2018,"ğŸ“Œ BNI 33113132 a.n. Nur Anisah

contact person dan konfirmasi donasi
Sigit Setyanto +62 815-7571-0992
Annisa Sajadâ€¦ https://t.co/2snSKnnckv",msjdalmuhajirin
Thu Oct 25 03:41:59 +0000 2018,"RT @BNI: Jika kita menikmati hasil dari apa yang kita usahakan sendiri, maka akan terasa lebih nikmat dan bahagia, meskipun hasilnya tidakâ€¦",tang79hid
Thu Oct 25 03:41:46 +0000 2018,"RT @BNI: Jika kita menikmati hasil dari apa yang kita usahakan sendiri, maka akan terasa lebih nikmat dan bahagia, meskipun hasilnya tidakâ€¦",SZulaikka
Thu Oct 25 03:40:53 +0000 2018,BNI MENTAL HEALTH BREAK https://t.co/0bg2lXnYGJ https://t.co/YKslhJpKWp,Goyfefe
Thu Oct 25 03:40:48 +0000 2018,"RT @PkhTegal: Penyaluran BPNT PKH dan non PKH di 5 E-Warong dan 3 agen BNI di kecamatan Adiwerna...
Semoga lancar &amp; berkah...
@DinsosKabTegâ€¦",dinsosjateng
Thu Oct 25 03:40:33 +0000 2018,"RT @BNI: Jika kita menikmati hasil dari apa yang kita usahakan sendiri, maka akan terasa lebih nikmat dan bahagia, meskipun hasilnya tidakâ€¦",mahyuni789
Thu Oct 25 03:40:19 +0000 2018,I added a video to a @YouTube playlist https://t.co/u0QxhSKEWB BNI Baltia sveÄio atsiliepimas - Darius Rutkys (TM centras) 2018-10-18,Ciuziniai
Thu Oct 25 03:40:11 +0000 2018,"RT @BNI: Jika kita menikmati hasil dari apa yang kita usahakan sendiri, maka akan terasa lebih nikmat dan bahagia, meskipun hasilnya tidakâ€¦",syazwina311
Thu Oct 25 03:39:13 +0000 2018,"RT @BNI: Jika kita menikmati hasil dari apa yang kita usahakan sendiri, maka akan terasa lebih nikmat dan bahagia, meskipun hasilnya tidakâ€¦",SelinaAfiza
Thu Oct 25 03:38:58 +0000 2018,"RT @BNI: Jika kita menikmati hasil dari apa yang kita usahakan sendiri, maka akan terasa lebih nikmat dan bahagia, meskipun hasilnya tidakâ€¦",aep_asgar33
Thu Oct 25 03:38:54 +0000 2018,"RT @BNI: Jika kita menikmati hasil dari apa yang kita usahakan sendiri, maka akan terasa lebih nikmat dan bahagia, meskipun hasilnya tidakâ€¦",ErliAlmira
Thu Oct 25 03:38:33 +0000 2018,"RT @BNI: Jika kita menikmati hasil dari apa yang kita usahakan sendiri, maka akan terasa lebih nikmat dan bahagia, meskipun hasilnya tidakâ€¦",Ji_set
Thu Oct 25 03:37:53 +0000 2018,"RT @BNI: Jika kita menikmati hasil dari apa yang kita usahakan sendiri, maka akan terasa lebih nikmat dan bahagia, meskipun hasilnya tidakâ€¦",CKhairiyah
Thu Oct 25 03:37:38 +0000 2018,"RT @BNI: Jika kita menikmati hasil dari apa yang kita usahakan sendiri, maka akan terasa lebih nikmat dan bahagia, meskipun hasilnya tidakâ€¦",nuyscmoets
Thu Oct 25 03:37:00 +0000 2018,"RT @BNI: Jika kita menikmati hasil dari apa yang kita usahakan sendiri, maka akan terasa lebih nikmat dan bahagia, meskipun hasilnya tidakâ€¦",Maulidin_ubit
Thu Oct 25 03:36:53 +0000 2018,"RT @BNI: Jika kita menikmati hasil dari apa yang kita usahakan sendiri, maka akan terasa lebih nikmat dan bahagia, meskipun hasilnya tidakâ€¦",BundaTatiktuk
Thu Oct 25 03:36:21 +0000 2018,"RT @BNI: Jika kita menikmati hasil dari apa yang kita usahakan sendiri, maka akan terasa lebih nikmat dan bahagia, meskipun hasilnya tidakâ€¦",bunijaya
Thu Oct 25 03:36:12 +0000 2018,"@BNI untuk area bandung, kalo mau ganti kartu debit chip apa bisa di cabang manapun atau harus di kantor asia afrika?",DHINDAELOK
Thu Oct 25 03:35:45 +0000 2018,"RT @BNI: Jika kita menikmati hasil dari apa yang kita usahakan sendiri, maka akan terasa lebih nikmat dan bahagia, meskipun hasilnya tidakâ€¦",hendryant
Thu Oct 25 03:35:33 +0000 2018,"RT @BNI: Jika kita menikmati hasil dari apa yang kita usahakan sendiri, maka akan terasa lebih nikmat dan bahagia, meskipun hasilnya tidakâ€¦",yulithea42
Thu Oct 25 03:35:28 +0000 2018,RT @BNI: Banyak orang yang menjadikan harta sebagai ambisi dalam hidup mereka. Namun ketika kita tidak merasa nyaman dengan apa yang dikerjâ€¦,yulithea42
Thu Oct 25 03:35:08 +0000 2018,"RT @BNI: Jika kita menikmati hasil dari apa yang kita usahakan sendiri, maka akan terasa lebih nikmat dan bahagia, meskipun hasilnya tidakâ€¦",Ejiiiex
Thu Oct 25 03:35:00 +0000 2018,"RT @abdillahadin: @Aku67903795 Oh ya? Ni transfer y ke rek sy BNI 0242586214, thanks ya baik bgt",tirtanahl
Thu Oct 25 03:33:53 +0000 2018,"RT @BNI: Jika kita menikmati hasil dari apa yang kita usahakan sendiri, maka akan terasa lebih nikmat dan bahagia, meskipun hasilnya tidakâ€¦",PakMasykurii
Thu Oct 25 03:33:31 +0000 2018,"RT @BNI: Jika kita menikmati hasil dari apa yang kita usahakan sendiri, maka akan terasa lebih nikmat dan bahagia, meskipun hasilnya tidakâ€¦",syarenaaa15
Thu Oct 25 03:33:16 +0000 2018,"RT @BNI: Jika kita menikmati hasil dari apa yang kita usahakan sendiri, maka akan terasa lebih nikmat dan bahagia, meskipun hasilnya tidakâ€¦",SeptongAnnur21
Thu Oct 25 03:33:13 +0000 2018,"RT @BNI: Jika kita menikmati hasil dari apa yang kita usahakan sendiri, maka akan terasa lebih nikmat dan bahagia, meskipun hasilnya tidakâ€¦",Depinur_
Thu Oct 25 03:33:12 +0000 2018,@lelangmfs acc ini? tp via bni,irehnt
Thu Oct 25 03:32:45 +0000 2018,"RT @BNI: Jika kita menikmati hasil dari apa yang kita usahakan sendiri, maka akan terasa lebih nikmat dan bahagia, meskipun hasilnya tidakâ€¦",CunayyH
Thu Oct 25 03:32:04 +0000 2018,BNI MENTAL HEALTHÂ BREAK https://t.co/pC6ELf3n6t https://t.co/nuOUJsqkrt,barenakedislam
Thu Oct 25 03:31:48 +0000 2018,"RT @lazpedulidakwah: Mari bantu kebutuhan mereka untuk melewati masa-masa sulit ini dengan menyalurkan bantuan Anda ke :

BNI Syariah 78821â€¦",orioniq
Thu Oct 25 03:31:44 +0000 2018,@BNI #BNIQuotes,james70950736
Thu Oct 25 03:31:36 +0000 2018,"RT @BNI: Jika kita menikmati hasil dari apa yang kita usahakan sendiri, maka akan terasa lebih nikmat dan bahagia, meskipun hasilnya tidakâ€¦",james70950736
Thu Oct 25 03:31:35 +0000 2018,"ë‚˜ë˜: ì˜¤ì¹´ ë©”ëª¨ì¥ì— ã€ì±… ë°˜ë‚©, íƒë°°, ê³µêµ¬ ì ê²€, ê³¼í•™ ìˆ™ì œ, ë‚˜ë˜ ì”¨ ë†€ë¦¬ê¸°ã€ë¼ê³  ì“°ì—¬ ìˆì—ˆì–´. ì˜¤ì¹´ ë„ˆâ€¦ (ë¶€ë“¤ë¶€ë“¤)",BNI_cnp
Thu Oct 25 03:30:59 +0000 2018,"RT @BNI: Jika kita menikmati hasil dari apa yang kita usahakan sendiri, maka akan terasa lebih nikmat dan bahagia, meskipun hasilnya tidakâ€¦",xmeyloph
Thu Oct 25 03:30:01 +0000 2018,ACT membuka kesempatan bagi Sahabat untuk menyalurkan bantuan bagi saudara kita yang terdampak gempa di Palu dan Doâ€¦ https://t.co/SRERCFk2fN,ACTforHumanity
Thu Oct 25 03:29:42 +0000 2018,"RT @BNI: Jika kita menikmati hasil dari apa yang kita usahakan sendiri, maka akan terasa lebih nikmat dan bahagia, meskipun hasilnya tidakâ€¦",BudiPoeer
Thu Oct 25 03:28:09 +0000 2018,"RT @BNI: Jika kita menikmati hasil dari apa yang kita usahakan sendiri, maka akan terasa lebih nikmat dan bahagia, meskipun hasilnya tidakâ€¦",93Zhpl
Thu Oct 25 03:27:50 +0000 2018,"RT @BNI: Jika kita menikmati hasil dari apa yang kita usahakan sendiri, maka akan terasa lebih nikmat dan bahagia, meskipun hasilnya tidakâ€¦",SaaLiana
Thu Oct 25 03:26:45 +0000 2018,"Mabok ğŸ˜ stok ga banyak yaaaah.. Warna masih lengkap
175rb FREEONG SELURUH INDONESIA KECUALI MALUKU 

CIREBON BRI BNI BCA 083823390400",VanzSprei_
Thu Oct 25 03:26:27 +0000 2018,"RT @BNI: Jika kita menikmati hasil dari apa yang kita usahakan sendiri, maka akan terasa lebih nikmat dan bahagia, meskipun hasilnya tidakâ€¦",Princess_Hijabb
Thu Oct 25 03:25:48 +0000 2018,@askmenfess Gue yg mandiri ae suka numpang di bni 20k di kampus huhuhu,wiwigaga_
Thu Oct 25 03:25:27 +0000 2018,RT @askmenfess: [Askmf] aku cinta BNI https://t.co/UBpPYTGjZS,crispyddeok
Thu Oct 25 03:25:10 +0000 2018,RT @BNI: Belanja online lebih hemat dengan ekstra diskon Rp 100.000 di Payday Sale https://t.co/JCiUAkNqLT. Promo juga dapat digabungkan deâ€¦,gyudzilla
Thu Oct 25 03:25:08 +0000 2018,@pic_sakpole @BPPD_JATENG @bank_jateng @BNI Tetep bayar min :-),ayaheShaka
Thu Oct 25 03:25:06 +0000 2018,RT @BNI: Dapatkan paket wisata ke Eropa dan berbagai hadiah lainnya dengan top up pulsa TELKOMSEL melalui BNI e-Banking. Info lebih lanjutâ€¦,gyudzilla
Thu Oct 25 03:24:25 +0000 2018,@BNI setuju,hayati2404
Thu Oct 25 03:24:24 +0000 2018,"RT @BNI: Jika kita menikmati hasil dari apa yang kita usahakan sendiri, maka akan terasa lebih nikmat dan bahagia, meskipun hasilnya tidakâ€¦",darkmbul
Thu Oct 25 03:24:16 +0000 2018,"RT @BNI: Jika kita menikmati hasil dari apa yang kita usahakan sendiri, maka akan terasa lebih nikmat dan bahagia, meskipun hasilnya tidakâ€¦",hayati2404
Thu Oct 25 03:24:01 +0000 2018,Nikmati DISKON 10% untuk berbagai buku terbitan Gramedia dengan kartu debit dan kartu kredit BNI https://t.co/1Akj0yjmK9,gramedia
Thu Oct 25 03:23:52 +0000 2018,yg telah terpilih pada milad ke -8 BNI Syariah.  Semoga dengan adanya kegiatan ini semakin menambah motivasi sahabaâ€¦ https://t.co/oQfyK6uDWM,BNISyariah
Thu Oct 25 03:23:17 +0000 2018,"RT @BNI: Jika kita menikmati hasil dari apa yang kita usahakan sendiri, maka akan terasa lebih nikmat dan bahagia, meskipun hasilnya tidakâ€¦",itstiayall
Thu Oct 25 03:23:09 +0000 2018,"Assalamualaikum, Sahabat Hasanah. Alhamdulillah BNI Syariah telah melepas dan memberangkatkan 8 orang dai-dai pedalâ€¦ https://t.co/BVh0m1wTUF",BNISyariah
Thu Oct 25 03:22:39 +0000 2018,@BNI #BNIQuotes,07nanas
Thu Oct 25 03:22:26 +0000 2018,"RT @BNI: Jika kita menikmati hasil dari apa yang kita usahakan sendiri, maka akan terasa lebih nikmat dan bahagia, meskipun hasilnya tidakâ€¦",07nanas
Thu Oct 25 03:22:15 +0000 2018,"RT BNIindia #BNI #BNIDelhiSouth #ReferralsMarketing ""â€œA BNI power team is a privilege, because it is by far the mosâ€¦ https://t.co/vp7IyuayyG",BNIDelhiSouth
Thu Oct 25 03:21:05 +0000 2018,"RT @BNI: Jika kita menikmati hasil dari apa yang kita usahakan sendiri, maka akan terasa lebih nikmat dan bahagia, meskipun hasilnya tidakâ€¦",Ridho_Saputra93
Thu Oct 25 03:21:05 +0000 2018,"RT @BNI: Jika kita menikmati hasil dari apa yang kita usahakan sendiri, maka akan terasa lebih nikmat dan bahagia, meskipun hasilnya tidakâ€¦",Desula98
Thu Oct 25 03:20:20 +0000 2018,"RT @BNI: Jika kita menikmati hasil dari apa yang kita usahakan sendiri, maka akan terasa lebih nikmat dan bahagia, meskipun hasilnya tidakâ€¦",ekatiwtiw
Thu Oct 25 03:19:00 +0000 2018,PIZZA HUT DISKON hingga 50% dengan Kartu Kredit BNI | Lihat informasi promosi dan ketentuan promo selengkapnya di https://t.co/4rmWmL96oj,katalogpromosi
Thu Oct 25 03:18:52 +0000 2018,"RT @BNI: Jika kita menikmati hasil dari apa yang kita usahakan sendiri, maka akan terasa lebih nikmat dan bahagia, meskipun hasilnya tidakâ€¦",bapermager
Thu Oct 25 03:18:30 +0000 2018,"https://t.co/kJK2bqDa2S
.
.
Indonesia employers in the list are:
.
.
Mandiri #11
BCA #32
Gudang Garam #109
TELKOM #â€¦ https://t.co/BcH8GZe2Hw",yusuftobing
Thu Oct 25 03:18:16 +0000 2018,"â€œA BNI power team is a privilege, because it is by far the most efficient and effective concept that BNI has to offâ€¦ https://t.co/z2sRtmpGwi",BNINOIDA
Thu Oct 25 03:18:11 +0000 2018,RT @Patrick_Maurey: VidÃ©o dâ€™une professeure menacÃ©e : pour une prise de conscience sans instrumentalisation politique - Ã‰COLE ET SOCIÃ‰TÃ‰ htâ€¦,Unsa_ul_BNI
Thu Oct 25 03:18:07 +0000 2018,"RT @BNI: Jika kita menikmati hasil dari apa yang kita usahakan sendiri, maka akan terasa lebih nikmat dan bahagia, meskipun hasilnya tidakâ€¦",Putry60237014
Thu Oct 25 03:17:59 +0000 2018,"Penyaluran BPNT PKH dan non PKH di 5 E-Warong dan 3 agen BNI di kecamatan Adiwerna...
Semoga lancar &amp; berkah...â€¦ https://t.co/sfQ239GeHC",PkhTegal
Thu Oct 25 03:17:57 +0000 2018,@BNI #BNIQuotes,Putry60237014
Thu Oct 25 03:17:46 +0000 2018,"RT @BNI: Jika kita menikmati hasil dari apa yang kita usahakan sendiri, maka akan terasa lebih nikmat dan bahagia, meskipun hasilnya tidakâ€¦",Princekodokk18
Thu Oct 25 03:17:33 +0000 2018,RT @askmenfess: [Askmf] aku cinta BNI https://t.co/UBpPYTGjZS,Denianovias
Thu Oct 25 03:17:31 +0000 2018,"â€œA BNI power team is a privilege, because it is by far the most efficient and effective concept that BNI has to offâ€¦ https://t.co/maIAgcfYOg",BNIindia
Thu Oct 25 03:16:41 +0000 2018,"RT @BNI: Jika kita menikmati hasil dari apa yang kita usahakan sendiri, maka akan terasa lebih nikmat dan bahagia, meskipun hasilnya tidakâ€¦",Riqisan
Thu Oct 25 03:16:35 +0000 2018,"RT @BNI: Jika kita menikmati hasil dari apa yang kita usahakan sendiri, maka akan terasa lebih nikmat dan bahagia, meskipun hasilnya tidakâ€¦",Imamuncar_
Thu Oct 25 03:16:00 +0000 2018,"RT @BNI: Jika kita menikmati hasil dari apa yang kita usahakan sendiri, maka akan terasa lebih nikmat dan bahagia, meskipun hasilnya tidakâ€¦",GalihGardiawan
Thu Oct 25 03:15:58 +0000 2018,RT @askmenfess: [Askmf] aku cinta BNI https://t.co/UBpPYTGjZS,ameldvnd
Thu Oct 25 03:15:54 +0000 2018,"RT @ditjen_imigrasi: Sahabat Mido, dalam rangka Hari Dharma Karyadhika, Kementerian Hukum dan Hak Asasi Manusia Republik Indonesia bersamaâ€¦",kanim_bekasi
Thu Oct 25 03:15:46 +0000 2018,"Hai @BNI , call center 1500046 kok gak bisa dihubungi ya?",YogaTrisnadi
Thu Oct 25 03:15:38 +0000 2018,@LazadaIDCare ini kenapa ya? Saya bayar menggunakan KK BNI dgn kode voucher â€œbnithursdayâ€ https://t.co/0QdCI1fK7U,Pursud
Thu Oct 25 03:15:34 +0000 2018,"RT @BNI: Jika kita menikmati hasil dari apa yang kita usahakan sendiri, maka akan terasa lebih nikmat dan bahagia, meskipun hasilnya tidakâ€¦",pauljog
Thu Oct 25 03:15:32 +0000 2018,"RT @BNI: Jika kita menikmati hasil dari apa yang kita usahakan sendiri, maka akan terasa lebih nikmat dan bahagia, meskipun hasilnya tidakâ€¦",shoji__0
Thu Oct 25 03:15:32 +0000 2018,"RT @hariankompas: Enam perusahaan Indonesia masuk dalam daftar perusahaan terbaik di dunia. Bagi keenam perusahaan ini, sumber daya manusiaâ€¦",RachmanBenny
Thu Oct 25 03:15:11 +0000 2018,la lelang acc ini via bni https://t.co/JQNoCb7F7l,lelangacc_erpe
Thu Oct 25 03:15:05 +0000 2018,"RT @BNI: Jika kita menikmati hasil dari apa yang kita usahakan sendiri, maka akan terasa lebih nikmat dan bahagia, meskipun hasilnya tidakâ€¦",h_atilla_
Thu Oct 25 03:14:57 +0000 2018,@ayaheShaka @BPPD_JATENG @bank_jateng @BNI naaa khan... orang sabar BEBAS BIAYA. hehehehehehehe... Terima kasih telâ€¦ https://t.co/LesJ5cu1CM,pic_sakpole
Thu Oct 25 03:14:06 +0000 2018,"Dear @BNI @BNICustomerCare tolong aduan sy di followup dong, sy trf antar bank, transferan ga masuk, tp saldo udh bâ€¦ https://t.co/76gtQ9fIrh",ninameilisa
